dept_code,n,taux_reel,taux_predit,cible,reseau,erreur_pts
0201,35498,0.6770522282945518,0.557541,fdsm123,eau,-11.951121553057476
0202,29906,0.7205577476091755,0.6398338,fdsm123,eau,-8.072393966392399
0203,5208,0.5122887864823349,0.48423356,fdsm123,eau,-2.805522830438689
0204,1583,0.3638660770688566,0.48600927,fdsm123,eau,12.214319288391746
0205,954,0.20440251572327045,0.34084988,fdsm123,eau,13.644736068053815
0206,1355,0.3505535055350554,0.47461587,fdsm123,eau,12.406236637122515
0207,2354,0.8126593033135089,0.4031066,fdsm123,eau,-40.9552703267351
0208,2784,0.22701149425287356,0.45822015,fdsm123,eau,23.120865979413878
0209,699,0.0844062947067239,0.32762998,fdsm123,eau,24.322368871841647
0210,1611,0.5667287399130975,0.42523175,fdsm123,eau,-14.149698513328179
0211,646,0.16563467492260062,0.24574979,fdsm123,eau,8.01151115735618
0301,22498,0.5509823095386257,0.4996073,fdsm123,eau,-5.137501474072836
0302,9304,0.3624247635425623,0.42013177,fdsm123,eau,5.770700921401422
0401,24243,0.4938745204801386,0.5600543,fdsm123,eau,6.61797817354376
0402,8846,0.5342527696133845,0.36800596,fdsm123,eau,-16.624680843365127
0403,3791,0.5412819836454761,0.37323174,fdsm123,eau,-16.80502448397052
0404,2302,0.2145960034752389,0.37582266,fdsm123,eau,16.122665983195102
0405,4517,0.2590214744299314,0.5434292,fdsm123,eau,28.44077214509585
0406,2750,0.6545454545454545,0.36375803,fdsm123,eau,-29.07874269918962
0407,6430,0.578538102643857,0.5252774,fdsm123,eau,-5.326072646893021
0408,1071,0.0028011204481792717,0.25776118,fdsm123,eau,25.496005995266913
0409,588,0.015306122448979591,0.43636706,fdsm123,eau,42.10609422654522
0501,13096,0.5632254123396457,0.55554664,fdsm123,eau,-0.7678770989853256
0502,2875,0.21982608695652173,0.44905996,fdsm123,eau,22.923387626979665
0503,2414,0.1628003314001657,0.45066974,fdsm123,eau,28.786940426992402
0504,1316,0.12917933130699089,0.36678195,fdsm123,eau,23.760261868995734
0505,398,0.13316582914572864,0.46440724,fdsm123,eau,33.12414062382588
0506,1120,0.12321428571428572,0.38133228,fdsm123,eau,25.811799253736222
0601,14165,0.6263325097070244,0.57724655,fdsm123,eau,-4.908596296172407
0602,4787,0.5435554627115103,0.35278812,fdsm123,eau,-19.076734220331637
0603,3480,0.23045977011494254,0.41351548,fdsm123,eau,18.30557082576313
0604,1927,0.2667358588479502,0.53807765,fdsm123,eau,27.1341793606426
0701,9669,0.5517633674630261,0.5332211,fdsm123,eau,-1.8542241860303954
0702,9288,0.305770887166236,0.43174997,fdsm123,eau,12.597908255460444
0703,1858,0.8503767491926802,0.36413255,fdsm123,eau,-48.624419585367576
0704,1802,0.02830188679245283,0.36555514,fdsm123,eau,33.725325060340595
0801,80854,0.6719766492690529,0.6293019,fdsm123,eau,-4.267474363703383
0802,5616,0.5108618233618234,0.5815509,fdsm123,eau,7.068907280593173
0803,4981,0.14113631800843204,0.3413706,fdsm123,eau,20.023429437445674
0901,30315,0.6012864918357249,0.52929354,fdsm123,eau,-7.199295469583234
0902,16618,0.37657961246840777,0.4247538,fdsm123,eau,4.817417266495405
0903,4098,0.17667154709614447,0.40651786,fdsm123,eau,22.984631617747613
0904,9115,0.5149753154141525,0.47181913,fdsm123,eau,-4.315618284770051
0905,1621,0.47069710055521286,0.44466382,fdsm123,eau,-2.603327790430343
0201,35497,0.8010254387694735,0.82550293,fdsm124,électricité,2.447749330221227
0202,29905,0.8485203143287076,0.84359455,fdsm124,électricité,-0.49257632422817776
0203,5208,0.6674347158218126,0.74307436,fdsm124,électricité,7.563964168780046
0204,1583,0.7037271004421983,0.7978587,fdsm124,électricité,9.413161461517472
0205,954,0.7285115303983228,0.79510343,fdsm124,électricité,6.659190034966301
0206,1355,0.6383763837638377,0.7890172,fdsm124,électricité,15.064081670613305
0207,2354,0.9107901444350043,0.78279376,fdsm124,électricité,-12.799638413532167
0208,2784,0.5061063218390804,0.74597955,fdsm124,électricité,23.98732256615299
0209,699,0.3905579399141631,0.6939732,fdsm124,électricité,30.34152437177339
0210,1611,0.771570453134699,0.78444666,fdsm124,électricité,1.287620356925001
0211,646,0.47987616099071206,0.5978995,fdsm124,électricité,11.80233355646163
0301,22495,0.6659257612802845,0.7798197,fdsm124,électricité,11.389396566368525
0302,9304,0.6601461736887361,0.7466383,fdsm124,électricité,8.64921243459319
0401,24241,0.724846334722165,0.78767586,fdsm124,électricité,6.282952282178034
0402,8846,0.6822292561609767,0.7399321,fdsm124,électricité,5.770286368536725
0403,3791,0.5296755473489845,0.7056323,fdsm124,électricité,17.59567816381371
0404,2301,0.33202955236853543,0.68931013,fdsm124,électricité,35.72805810886484
0405,4517,0.6920522470666371,0.78578097,fdsm124,électricité,9.372871921525372
0406,2750,0.6887272727272727,0.67951685,fdsm124,électricité,-0.9210420825264687
0407,6430,0.6360808709175739,0.7484069,fdsm124,électricité,11.232601613686944
0408,1071,0.2689075630252101,0.6527377,fdsm124,électricité,38.38301140721105
0409,588,0.5306122448979592,0.6909405,fdsm124,électricité,16.032825440776588
0501,13096,0.7681734880879658,0.7728161,fdsm124,électricité,0.4642633490250736
0502,2875,0.45182608695652177,0.6958357,fdsm124,électricité,24.40096226153166
0503,2412,0.4539800995024876,0.6774614,fdsm124,électricité,22.348128622444115
0504,1316,0.5326747720364742,0.66009265,fdsm124,électricité,12.74178798075505
0505,398,0.49748743718592964,0.7312557,fdsm124,électricité,23.376827293903986
0506,1120,0.4089285714285714,0.65470165,fdsm124,électricité,24.577307871409825
0601,14165,0.7582774444052242,0.80581343,fdsm124,électricité,4.753598733458297
0602,4787,0.73553373720493,0.72937095,fdsm124,électricité,-0.6162785552403127
0603,3480,0.43333333333333335,0.7138259,fdsm124,électricité,28.04925481478373
0604,1927,0.5189413596263622,0.79238486,fdsm124,électricité,27.344350327341804
0701,9669,0.7439238804426518,0.76918125,fdsm124,électricité,2.525737108322712
0702,9286,0.7679302175317683,0.7976826,fdsm124,électricité,2.97523658002935
0703,1858,0.8918191603875134,0.77204204,fdsm124,électricité,-11.977712433099486
0704,1802,0.6104328523862376,0.6715219,fdsm124,électricité,6.108904969811302
0801,80851,0.8096374812927484,0.85536987,fdsm124,électricité,4.573238460156926
0802,5616,0.656517094017094,0.7736234,fdsm124,électricité,11.710631286996042
0803,4981,0.2728367797630998,0.5852958,fdsm124,électricité,31.245901663124837
0901,30314,0.7459259747971234,0.7592241,fdsm124,électricité,1.3298142005092162
0902,16616,0.6846413095811267,0.7316284,fdsm124,électricité,4.698710838762333
0903,4098,0.340165934602245,0.65056604,fdsm124,électricité,31.0400106867329
0904,9114,0.6586570111915734,0.7437188,fdsm124,électricité,8.506179173735118
0905,1621,0.47378161628624305,0.6768615,fdsm124,électricité,20.307990829566613
0201,35496,0.3312204192021636,0.42003053,fdsm125,fibre,8.881011506526193
0202,29905,0.5313827119210834,0.45853963,fdsm125,fibre,-7.284307697807502
0203,5208,0.006528417818740399,0.34251052,fdsm125,fibre,33.59821035931553
0204,1583,0.18825015792798483,0.32676265,fdsm125,fibre,13.851248850870645
0205,954,0.009433962264150943,0.22660176,fdsm125,fibre,21.716780229559486
0206,1355,0.01992619926199262,0.35086933,fdsm125,fibre,33.0943128521592
0207,2354,0.10747663551401869,0.25816798,fdsm125,fibre,15.069134658742172
0208,2784,0.00610632183908046,0.35493797,fdsm125,fibre,34.88316487991947
0209,699,0.004291845493562232,0.22309762,fdsm125,fibre,21.880577690099955
0210,1611,0.1446306641837368,0.2900823,fdsm125,fibre,14.545164148604774
0211,646,0.13622291021671826,0.28394443,fdsm125,fibre,14.772151775035328
0301,22493,0.41435113146312186,0.33957666,fdsm125,fibre,-7.477446987636038
0302,9304,0.014509888220120379,0.307294,fdsm125,fibre,29.278412289590744
0401,24241,0.19450517717915927,0.39760157,fdsm125,fibre,20.309639748018824
0402,8846,0.4519556861858467,0.30120853,fdsm125,fibre,-15.07471602897743
0403,3790,0.03245382585751979,0.24893644,fdsm125,fibre,21.648261866343052
0404,2301,0.08387657540199914,0.25126618,fdsm125,fibre,16.73896060669645
0405,4517,0.0338720389639141,0.36653468,fdsm125,fibre,33.26626411641834
0406,2750,0.2923636363636364,0.29319784,fdsm125,fibre,0.08342040885578328
0407,6430,0.01010886469673406,0.35613826,fdsm125,fibre,34.60293944757055
0408,1071,0.0028011204481792717,0.27082223,fdsm125,fibre,26.802110655301092
0409,588,0.008503401360544218,0.29354376,fdsm125,fibre,28.504035464760396
0501,13096,0.3932498472816127,0.40158403,fdsm125,fibre,0.8334181916080152
0502,2875,0.002782608695652174,0.31583768,fdsm125,fibre,31.30550725978354
0503,2412,0.004560530679933665,0.30363345,fdsm125,fibre,29.907292078185833
0504,1316,0.15881458966565348,0.2556702,fdsm125,fibre,9.685560019182942
0505,398,0.002512562814070352,0.33315587,fdsm125,fibre,33.06433076235517
0506,1120,0.19196428571428573,0.26694667,fdsm125,fibre,7.498238767896378
0601,14165,0.2595128838686904,0.39150995,fdsm125,fibre,13.19970662922898
0602,4787,0.10674744098600376,0.2599489,fdsm125,fibre,15.320146829668058
0603,3480,0.013218390804597701,0.2706923,fdsm125,fibre,25.747389807098216
0604,1927,0.04411001556824079,0.35494426,fdsm125,fibre,31.083424336005816
0701,9669,0.3125452476988313,0.36224222,fdsm125,fibre,4.969697413344409
0702,9286,0.06881326728408357,0.2848931,fdsm125,fibre,21.607982820923308
0703,1858,0.004305705059203444,0.42933202,fdsm125,fibre,42.502631283935614
0704,1802,0.009433962264150943,0.2525245,fdsm125,fibre,24.309053286066597
0801,80851,0.4869080159800126,0.49744692,fdsm125,fibre,1.0538908468000707
0802,5616,0.006232193732193732,0.41825026,fdsm125,fibre,41.20180690050804
0803,4981,0.004818309576390283,0.23888187,fdsm125,fibre,23.406356152785012
0901,30313,0.38956883185431995,0.36923745,fdsm125,fibre,-2.0331379108882333
0902,16616,0.275698122291767,0.2886831,fdsm125,fibre,1.2984964341915262
0903,4098,0.001708150317227916,0.2750981,fdsm125,fibre,27.338993508621446
0904,9113,0.008449467793262373,0.3263888,fdsm125,fibre,31.793933831139764
0905,1621,0.008019740900678593,0.31928158,fdsm125,fibre,31.126183716328626
